{
  "model_params": [
    [
      [
        -0.01963541871140858,
        -0.1700259758976156,
        -0.01651456965964058
      ],
      [
        -0.1694554783971743,
        0.15726150039899858,
        -0.18887587351484791
      ],
      [
        -0.1510984953773328,
        0.13733767924449752,
        0.03876726049265529
      ],
      [
        0.18970264676937781,
        -0.04981195424991765,
        -0.035618725395836735
      ]
    ],
    [
      [
        0.06758018517102315,
        -0.026472300561293807,
        0.16634763047178713
      ],
      [
        -0.030954561096264977,
        0.008372139820159021,
        0.004283758839331005
      ],
      [
        0.02423573799095272,
        -0.04647235885671258,
        0.03363971618373609
      ],
      [
        0.02576507455672274,
        -0.1063512811627658,
        0.006955485776156688
      ]
    ]
  ],
  "model_config": {
    "n_features": 4,
    "n_qubits": 4,
    "n_layers": 2,
    "encoding": "angle"
  },
  "explanations": {
    "SHAP": {
      "feature_importance": [
        0.19209993080156612,
        0.001056285151330092,
        1.532107773982716e-16,
        1.5765166949677222e-16
      ],
      "sample_idx": 0,
      "prediction": 0.81673298409768,
      "method": "quantum_shap",
      "metadata": {
        "n_samples": 50
      }
    }
  }
}